,data_std,data_mean
0,6.534848055131043,18.736719658782473
