,data_std,data_mean
0,5.000634923899106,6.191547111283443
