,data_std,data_mean
0,6.062175857913862,24.663047692904225
