,data_std,data_mean
0,2.64938083700049,8.756882512601784
