,data_std,data_mean
0,4.6619366476974635,8.56192587899905
