,data_std,data_mean
0,5.257050461663727,19.268926195755466
