,data_std,data_mean
0,4.85321141254434,24.182451694646815
