,data_std,data_mean
0,2.686518199229908,4.397440868553703
