,data_std,data_mean
0,3.6846416468249537,4.746594868546088
