,data_std,data_mean
0,6.296961771345852,12.390461419154711
