,data_std,data_mean
0,5.243196812092194,14.387709851124486
