,data_std,data_mean
0,3.8113481489235537,28.97339246119734
