,data_std,data_mean
0,4.596464983390104,30.35944164404808
