,data_std,data_mean
0,4.744739425182925,9.573645866328793
